rank,name,pos,team,proj_pts,adp,tier,dropoff,vorp,wk_cv,risk
1,Jahmyr Gibbs,RB,DET,331.4,1.0,1,6.5,210.14999999999998,0.6267715915574713,neutral
2,Bijan Robinson,RB,ATL,324.9,2.9,1,33.89999999999998,203.64999999999998,0.4703151786951028,steady
3,Ja'Marr Chase,WR,CIN,311.1,3.2,1,26.5,164.20000000000005,0.5236062862191474,steady
4,Puka Nacua,WR,LAR,312.5,4.8,1,1.3999999999999773,165.60000000000002,0.4355759596127782,steady
5,Christian McCaffrey,RB,SF,291.0,5.1,2,18.69999999999999,169.75,0.3356119038838525,steady
6,Jaxon Smith-Njigba,WR,SEA,284.6,5.2,2,4.100000000000023,137.70000000000005,0.3533773725841589,steady
7,Jonathan Taylor,RB,IND,272.3,7.4,3,11.5,151.05,0.5837858775812846,steady
8,Amon-Ra St. Brown,WR,DET,280.5,8.8,2,10.0,133.60000000000002,0.4979612961073087,steady
9,James Cook,RB,BUF,260.8,9.9,3,3.400000000000034,139.55,0.5176279667530471,steady
10,CeeDee Lamb,WR,DAL,270.5,10.4,3,8.5,123.60000000000002,0.3872505174269416,steady
11,Saquon Barkley,RB,PHI,246.7,11.2,4,2.6999999999999886,125.44999999999999,0.495478000559284,steady
12,Justin Jefferson,WR,MIN,250.4,11.3,4,0.20000000000001705,103.50000000000003,0.4886760839572593,steady
13,De'Von Achane,RB,MIA,257.4,13.8,3,2.1999999999999886,136.14999999999998,0.3477256055161346,steady
14,Ashton Jeanty,RB,LV,233.9,14.3,4,21.900000000000006,112.65,0.6024060236223555,steady
15,Omarion Hampton,RB,LAC,242.9,15.7,4,9.0,121.65,0.5355617928548121,steady
16,Chase Brown,RB,CIN,255.2,16.8,3,8.299999999999983,133.95,0.4419117176541216,steady
17,A.J. Brown,WR,NE,247.2,17.5,4,1.5,100.30000000000001,0.6639727793352102,neutral
18,Drake London,WR,ATL,250.2,17.8,4,3.0,103.30000000000001,0.68076964630376,neutral
19,Derrick Henry,RB,BAL,246.9,19.8,4,0.20000000000001705,125.65,0.6083926434547046,neutral
20,Kenneth Walker,RB,KC,244.0,20.0,4,1.0999999999999943,122.75,0.578445834117237,steady
21,Josh Allen,QB,BUF,361.5,21.0,1,35.5,84.80000000000001,0.4415744917440599,neutral
22,George Pickens,WR,DAL,245.7,22.6,4,9.0,98.80000000000001,0.5620443677391493,steady
23,Trey McBride,TE,ARI,234.9,23.5,1,19.5,134.65,0.4502373011696572,steady
24,Brock Bowers,TE,LV,253.5,23.7,1,18.599999999999994,153.25,0.68946705720659,neutral
25,Nico Collins,WR,HOU,262.0,25.0,3,11.599999999999994,115.10000000000002,0.4309849273405164,steady
26,Malik Nabers,WR,NYG,236.7,26.0,4,0.799999999999983,89.80000000000001,1.1291921057351435,volatile
27,Jeremiyah Love,RB,ARI,211.8,27.6,5,0.8000000000000114,90.55000000000001,,unknown
28,Kyren Williams,RB,LAR,208.0,28.1,5,0.30000000000001137,86.75,0.3948045964463783,steady
29,Rashee Rice,WR,KC,229.3,29.0,5,0.10000000000002274,82.40000000000003,0.4323268644947872,steady
30,Chris Olave,WR,NO,235.9,29.2,4,6.599999999999994,89.00000000000003,0.4670761131200817,steady
31,Lamar Jackson,QB,BAL,326.0,31.3,2,5.240000000000009,49.30000000000001,0.5157111554861028,neutral
32,DeVonta Smith,WR,PHI,229.2,32.3,5,1.0,82.30000000000001,0.6569766242361016,neutral
33,Javonte Williams,RB,DAL,212.0,33.5,5,0.19999999999998863,90.75,0.3965094815961133,steady
34,Breece Hall,RB,NYJ,211.0,34.2,5,3.0,89.75,0.5872302841652294,steady
35,Ladd McConkey,WR,LAC,228.2,35.6,5,0.0,81.30000000000001,0.6063379501434045,neutral
36,Tee Higgins,WR,CIN,224.4,35.8,5,0.4000000000000057,77.50000000000003,0.5831193940901223,neutral
37,Tetairoa McMillan,WR,CAR,223.0,37.6,5,0.8000000000000114,76.10000000000002,0.5697078690003722,neutral
38,Josh Jacobs,RB,GB,87.2,38.1,9,3.4000000000000057,-34.05,0.5705961318505988,steady
39,Emeka Egbuka,WR,TB,224.0,39.1,5,1.0,77.10000000000002,0.7315401744552725,volatile
40,Colston Loveland,TE,CHI,215.4,40.2,2,14.300000000000011,115.15,0.7563249297345535,volatile
41,Zay Flowers,WR,BAL,228.2,41.1,5,3.299999999999983,81.30000000000001,0.5228603557705774,steady
42,Cam Skattebo,RB,NYG,201.2,41.1,5,3.8999999999999773,79.94999999999999,0.5399159564186533,steady
43,Bucky Irving,RB,TB,197.3,43.6,5,1.3000000000000114,76.05000000000001,0.4049226391049532,steady
44,Travis Etienne,RB,NO,207.7,44.2,5,1.5999999999999943,86.44999999999999,0.4649608419097043,steady
45,Jaylen Waddle,WR,DEN,221.0,45.1,5,7.199999999999989,74.10000000000002,0.5663468529987304,neutral
46,Garrett Wilson,WR,NYJ,224.9,46.0,5,0.5,78.00000000000003,0.4853490995048741,steady
47,David Montgomery,RB,HOU,206.1,47.0,5,4.900000000000006,84.85,0.6845730207818995,neutral
48,Drake Maye,QB,NE,320.76,47.5,2,10.21999999999997,44.06,0.2502730103948115,steady
49,Tyler Warren,TE,IND,201.1,49.1,2,4.599999999999994,100.85,0.4399601064542071,steady
50,Davante Adams,WR,LAR,192.5,50.9,7,6.300000000000011,45.60000000000002,0.4295711120388687,steady
51,D'Andre Swift,RB,CHI,208.0,51.4,5,0.0,86.75,0.4669409721353325,steady
52,Joe Burrow,QB,CIN,306.12,52.7,3,2.240000000000009,29.420000000000016,0.4900213796224161,neutral
53,DJ Moore,WR,BUF,179.0,53.9,8,1.0999999999999943,32.10000000000002,0.7555777709267603,volatile
54,Quinshon Judkins,RB,CLE,196.0,53.9,5,21.19999999999999,74.75,0.5548602417835422,steady
55,Luther Burden,WR,CHI,209.0,55.2,6,1.0999999999999943,62.10000000000002,0.8843995432629368,volatile
56,Terry McLaurin,WR,WAS,213.8,56.4,6,1.4000000000000057,66.90000000000003,0.446628814773233,steady
57,TreVeyon Henderson,RB,NE,171.0,57.5,6,0.4000000000000057,49.75,0.7912217614655856,neutral
58,Sam LaPorta,TE,DET,196.5,58.6,2,16.099999999999994,96.25,0.5433860811678409,steady
59,Jameson Williams,WR,DET,206.2,59.2,6,8.599999999999994,59.30000000000001,0.5487926544355659,steady
60,Jalen Hurts,QB,PHI,310.54,59.2,3,1.8199999999999932,33.84000000000003,0.3831381263191128,steady
61,Bhayshul Tuten,RB,JAX,174.8,61.5,6,3.8000000000000114,53.55000000000001,0.8326371943145802,neutral
62,Mike Evans,WR,SF,222.2,62.0,5,1.1999999999999886,75.30000000000001,0.348574214098044,steady
63,Jadarian Price,RB,SEA,170.0,63.4,6,1.0,48.75,,unknown
64,Tucker Kraft,TE,GB,174.4,64.6,3,2.8000000000000114,74.15,0.673750614944255,neutral
65,Rome Odunze,WR,CHI,207.9,65.1,6,0.30000000000001137,61.00000000000003,0.6580167492562499,neutral
66,Jayden Daniels,QB,WAS,308.72,66.0,3,2.6000000000000227,32.02000000000004,0.3662690163069179,steady
67,Carnell Tate,WR,TEN,177.3,67.0,8,3.0,30.400000000000034,,unknown
68,Kyle Pitts,TE,ATL,171.6,68.5,3,0.19999999999998863,71.35,0.8016642175436711,volatile
69,Christian Watson,WR,GB,207.6,69.0,6,1.4000000000000057,60.70000000000002,0.579285386331346,neutral
70,Harold Fannin,TE,CLE,180.4,70.8,3,6.0,80.15,0.4917688385739012,steady
71,Caleb Williams,QB,CHI,299.34,71.1,3,2.7999999999999545,22.639999999999986,0.4127973405560338,steady
72,Jaylen Warren,RB,PIT,170.6,71.2,6,0.5999999999999943,49.349999999999994,0.4138495789396964,steady
73,Parker Washington,WR,JAX,212.4,73.0,6,3.4000000000000057,65.50000000000003,0.5661964962187878,neutral
74,Brian Thomas,WR,JAX,195.4,74.0,7,2.9000000000000057,48.50000000000003,0.505699738466728,steady
75,DK Metcalf,WR,PIT,183.3,75.5,8,4.300000000000011,36.400000000000034,0.4807139009675618,steady
76,Marvin Harrison,WR,ARI,186.2,76.6,7,2.8999999999999773,39.30000000000001,0.5653012373211366,neutral
77,Dak Prescott,QB,DAL,303.88,77.4,3,0.45999999999997954,27.180000000000007,0.4267335688088947,steady
78,Chuba Hubbard,RB,CAR,147.9,77.9,7,3.8000000000000114,26.650000000000006,0.7353548207266691,neutral
79,RJ Harvey,RB,DEN,144.1,79.7,8,7.0,22.849999999999994,0.6299685995589985,neutral
80,Courtland Sutton,WR,DEN,174.3,80.1,8,0.700000000000017,27.400000000000034,0.5790944066948097,neutral
81,Rhamondre Stevenson,RB,NE,169.0,81.0,6,7.900000000000006,47.75,0.787145270785706,neutral
82,Justin Herbert,QB,LAC,295.48,82.4,3,8.800000000000011,18.78000000000003,0.40702455975323,steady
83,Tony Pollard,RB,TEN,160.1,83.8,7,5.199999999999989,38.849999999999994,0.514160437908785,steady
84,George Kittle,TE,SF,169.3,83.9,3,5.700000000000017,69.05000000000001,0.4354980705109393,steady
85,Michael Wilson,WR,ARI,166.0,85.1,9,0.09999999999999432,19.100000000000023,0.817088120532075,volatile
86,Rico Dowdle,RB,PIT,161.1,86.9,7,0.9000000000000057,39.849999999999994,0.7703695249728636,neutral
87,Dalton Kincaid,TE,BUF,163.6,87.4,4,1.0999999999999943,63.349999999999994,0.5184314020927691,steady
88,Los Angeles Rams,DEF,LAR,106.0,88.5,1,2.0,22.0,0.5487296950700495,steady
89,Travis Kelce,TE,KC,171.4,89.2,3,2.0999999999999943,71.15,0.5636103206933566,neutral
90,Makai Lemon,WR,PHI,168.5,89.3,9,2.5,21.600000000000023,,unknown
91,Brandon Aubrey,K,DAL,116.0,91.8,1,3.0,16.5,0.5630903915137278,neutral
92,J.K. Dobbins,RB,DEN,160.2,92.7,7,0.09999999999999432,38.94999999999999,0.3537520664229601,steady
93,Chris Godwin,WR,TB,173.6,93.8,8,1.299999999999983,26.700000000000017,0.7296707728717643,neutral
94,Jaxson Dart,QB,NYG,296.54,94.1,3,0.8199999999999932,19.840000000000032,0.580232989446543,neutral
95,Houston Texans,DEF,HOU,104.0,95.2,1,1.0,20.0,0.5215976996263305,steady
96,Matthew Stafford,QB,LAR,280.22,95.4,4,1.7000000000000455,3.5200000000000387,0.311297815033272,steady
97,Alec Pierce,WR,IND,177.9,97.5,8,0.5999999999999943,31.00000000000003,0.6010349604348381,neutral
98,Jake Ferguson,TE,DAL,159.8,98.4,4,2.5,59.55000000000001,0.5702182030164054,neutral
99,Jonathon Brooks,RB,CAR,154.9,99.6,7,0.30000000000001137,33.650000000000006,,unknown
100,Trevor Lawrence,QB,JAX,303.42,100.7,3,0.22000000000002728,26.720000000000027,0.416174644659948,steady
101,Blake Corum,RB,LAR,135.3,101.0,8,2.8000000000000114,14.050000000000011,0.9032767271841928,volatile
102,Jordan Addison,WR,MIN,171.7,101.6,8,0.799999999999983,24.80000000000001,0.4940924600960176,steady
103,Kyle Monangai,RB,CHI,154.6,103.6,7,0.9000000000000057,33.349999999999994,0.7276980771048218,neutral
104,Michael Pittman,WR,PIT,170.9,104.6,9,0.20000000000001705,24.00000000000003,0.6290544655155036,neutral
105,Jordyn Tyson,WR,NO,111.0,105.4,9,0.4000000000000057,-35.89999999999998,,unknown
106,Seattle Seahawks,DEF,SEA,103.0,106.6,1,5.0,19.0,0.8058631791491903,neutral
107,Stefon Diggs,WR,WAS,157.3,107.9,9,0.9000000000000057,10.400000000000034,0.5506319565188952,steady
108,Isaiah Likely,TE,NYG,157.3,107.9,4,2.3000000000000114,57.05000000000001,0.7048998567475989,neutral
109,Jayden Reed,WR,GB,197.6,109.2,7,2.1999999999999886,50.70000000000002,0.2554538493477086,steady
110,Jordan Mason,RB,MIN,153.7,110.8,7,1.3999999999999773,32.44999999999999,0.6826616817079609,neutral
111,Patrick Mahomes,QB,KC,286.68,111.2,4,3.2200000000000273,9.980000000000018,0.3530605728585961,steady
112,Kenny Gainwell,RB,TB,152.3,112.3,7,3.3000000000000114,31.05000000000001,0.7134563904894652,neutral
113,Quentin Johnston,WR,LAC,163.9,113.2,9,2.4000000000000057,17.00000000000003,0.461518094849515,steady
114,Josh Downs,WR,IND,172.3,113.7,8,0.6000000000000227,25.400000000000034,0.5281198444335684,steady
115,Jacory Croskey-Merritt,RB,WAS,127.9,115.1,9,13.300000000000011,6.650000000000006,0.9049635306211264,volatile
116,Denver Broncos,DEF,DEN,96.0,116.0,2,1.0,12.0,0.5510232076298529,steady
117,Bo Nix,QB,DEN,295.72,117.2,3,0.2400000000000091,19.02000000000004,0.4388470300178191,steady
118,Cameron Dicker,K,LAC,106.0,118.5,2,0.0,6.5,0.4824263233877891,neutral
119,KC Concepcion,WR,CLE,156.4,119.3,9,0.700000000000017,9.500000000000028,,unknown
120,Wan'Dale Robinson,WR,TEN,170.7,119.4,9,0.0,23.80000000000001,0.6013776375404016,neutral
121,Dallas Goedert,TE,PHI,136.0,121.4,5,5.699999999999989,35.75,0.5813727769797804,neutral
122,Brock Purdy,QB,SF,303.2,122.5,3,3.8600000000000136,26.5,0.4773588651802036,neutral
123,Philadelphia Eagles,DEF,PHI,98.0,123.1,2,2.0,14.0,0.6277368070685387,steady
124,Jason Myers,K,SEA,111.0,124.5,1,2.0,11.5,0.482565873726279,neutral
125,Matthew Golden,WR,GB,170.0,125.4,9,0.6999999999999886,23.100000000000023,0.783413731581169,volatile
126,Jakobi Meyers,WR,JAX,169.3,125.6,9,0.8000000000000114,22.400000000000034,0.3961554263055882,steady
127,Aaron Jones,RB,MIN,137.1,127.1,8,1.799999999999983,15.849999999999994,0.4558252798079219,steady
128,Mark Andrews,TE,BAL,162.5,128.5,4,1.5,62.25,0.8806454811629952,volatile
129,Ka'imi Fairbairn,K,HOU,113.0,129.1,1,1.0,13.5,0.4442616583193192,steady
130,Deebo Samuel,WR,SF,155.7,130.2,9,17.599999999999994,8.800000000000011,0.5902325168904142,neutral
131,Romeo Doubs,WR,NE,161.2,131.5,9,3.8999999999999773,14.300000000000011,0.6305578047293355,neutral
132,Jared Goff,QB,DET,283.46,131.9,4,0.39999999999997726,6.759999999999991,0.3931128736018577,steady
133,Rachaad White,RB,WAS,128.1,133.4,9,0.19999999999998863,6.849999999999994,0.6536148669125478,neutral
134,Cam Little,K,JAX,112.0,134.0,1,1.0,12.5,0.4797495929689829,neutral
135,Baltimore Ravens,DEF,BAL,95.0,135.6,2,3.0,11.0,1.1768100641730417,volatile
136,New England Patriots,DEF,NE,92.0,136.7,2,0.0,8.0,0.6841074174279078,steady
137,De'Zhaun Stribling,WR,SF,128.4,137.3,9,1.0,-18.49999999999997,,unknown
138,Xavier Worthy,WR,KC,161.5,137.6,9,0.30000000000001137,14.600000000000023,0.4826392973937476,steady
139,Chris Rodriguez,RB,JAX,132.5,139.1,8,4.400000000000006,11.25,0.6312860546789401,neutral
140,Jake Bates,K,DET,105.0,140.9,2,0.0,5.5,0.409792596475066,steady
141,Hunter Henry,TE,NE,153.5,141.8,4,2.5999999999999943,53.25,0.6917414765381622,neutral
142,Tyler Allgeier,RB,ARI,77.2,142.3,9,7.299999999999997,-44.05,0.7394137981459532,neutral
143,Khalil Shakir,WR,BUF,170.7,143.9,9,0.6999999999999886,23.80000000000001,0.5577586167476151,steady
144,Baker Mayfield,QB,TB,274.88,144.0,4,3.9399999999999977,-1.8199999999999932,0.3584823999596686,steady
145,Chris Boswell,K,PIT,107.0,145.0,2,1.0,7.5,0.5648154077486263,neutral
146,Oronde Gadsden,TE,LAC,141.8,146.4,5,0.9000000000000057,41.55000000000001,0.8612352549758678,volatile
147,Jalen Coker,WR,CAR,165.9,147.9,9,2.0,19.00000000000003,0.6056004810424578,neutral
148,Woody Marks,RB,HOU,83.8,148.0,9,6.599999999999994,-37.45,0.7253484181687904,neutral
149,Rashid Shaheed,WR,SEA,138.1,149.5,9,3.4000000000000057,-8.799999999999983,0.671023973552476,neutral
150,Zach Charbonnet,RB,SEA,67.2,149.7,9,2.0,-54.05,0.5908483936762807,steady
151,Kyler Murray,QB,MIN,283.06,151.8,4,2.839999999999975,6.360000000000014,0.1195593199274539,steady
152,Pittsburgh Steelers,DEF,PIT,88.0,152.6,3,1.0,4.0,0.8185769087418578,neutral
153,Jordan Love,QB,GB,278.52,153.5,4,3.6399999999999864,1.8199999999999932,0.4554394030558019,neutral
154,Minnesota Vikings,DEF,MIN,92.0,154.3,2,0.0,8.0,1.003299213541433,volatile
155,Harrison Mevis,K,LAR,106.0,155.6,2,0.0,6.5,0.4906533814626582,neutral
156,Brenton Strange,TE,JAX,161.0,155.7,4,1.1999999999999886,60.75,0.4821538992315637,steady
157,Jacksonville Jaguars,DEF,JAX,91.0,157.0,2,3.0,7.0,0.6288322975458681,steady
158,Detroit Lions,DEF,DET,92.0,158.1,2,1.0,8.0,0.695055646832152,steady
159,MarShawn Lloyd,RB,GB,149.0,159.3,7,1.0999999999999943,27.75,,unknown
160,Mike Washington,RB,LV,97.5,160.4,9,0.5999999999999943,-23.75,,unknown
161,Ja'Kobi Lane,WR,BAL,104.9,161.0,9,2.6000000000000085,-41.99999999999997,,unknown
162,Harrison Butker,K,KC,100.0,161.7,3,0.0,0.5,0.4752214843456401,steady
163,Sam Darnold,QB,SEA,262.74,163.0,4,14.920000000000016,-13.95999999999998,0.5435058398407812,neutral
164,Tyjae Spears,RB,TEN,114.6,164.8,9,3.299999999999997,-6.650000000000006,0.6461181130236319,neutral
165,T.J. Hockenson,TE,MIN,155.0,165.3,4,1.5,54.75,0.5371888993642803,steady
166,Jonah Coleman,RB,DEN,63.9,166.3,9,0.19999999999999574,-57.35,,unknown
167,Alvin Kamara,RB,NO,63.0,167.2,9,2.5,-58.25,0.5350160591637617,steady
168,Los Angeles Chargers,DEF,LAC,86.0,167.4,3,1.0,2.0,0.7956870505577941,neutral
169,Travis Hunter,WR,JAX,100.6,169.7,9,1.6999999999999886,-46.29999999999998,0.7665981669343734,volatile
170,Will Reichard,K,MIN,109.0,170.7,2,2.0,9.5,0.4164130971435088,steady
171,Denzel Boston,WR,CLE,134.7,171.6,9,3.3999999999999773,-12.199999999999989,,unknown
172,Brian Robinson,RB,ATL,69.9,172.7,9,0.10000000000000853,-51.349999999999994,0.8088124760000511,neutral
173,Kenyon Sadiq,TE,NYJ,100.2,173.4,7,3.799999999999997,-0.04999999999999716,,unknown
174,Tyrone Tracy,RB,NYG,111.3,174.0,9,13.799999999999997,-9.950000000000003,0.7145633729028386,neutral
175,Andy Borregales,K,NE,96.0,175.6,3,1.0,-3.5,0.4935044754892412,neutral
176,Malik Washington,WR,MIA,131.3,176.8,9,0.700000000000017,-15.599999999999966,0.4835789786919299,steady
177,Cyrus Allen,WR,KC,94.5,177.7,9,0.7999999999999972,-52.39999999999998,,unknown
178,Tyler Loop,K,BAL,106.0,178.0,2,0.0,6.5,0.4748796263531525,steady
179,Tank Bigsby,RB,PHI,65.2,179.0,9,0.0,-56.05,1.1259639455127828,volatile
180,Juwan Johnson,TE,NO,140.9,179.7,5,4.900000000000006,40.650000000000006,0.4559077852459954,steady
181,Evan McPherson,K,CIN,106.0,181.8,2,1.0,6.5,0.7423827516189884,volatile
182,Dalton Schultz,TE,HOU,150.9,182.3,4,6.800000000000011,50.650000000000006,0.5394808806276201,steady
183,Jalen Nailor,WR,LV,130.6,183.8,9,2.1999999999999886,-16.299999999999983,0.7707846645050596,volatile
184,AJ Barner,TE,SEA,142.4,184.2,5,0.5999999999999943,42.150000000000006,0.7493474264961753,volatile
185,Keaton Mitchell,RB,LAC,96.9,185.2,9,8.200000000000003,-24.349999999999994,0.6803985486101605,neutral
186,Jerry Jeudy,WR,CLE,119.6,185.8,9,6.699999999999989,-27.299999999999983,0.6688347230418302,neutral
187,Fernando Mendoza,QB,LV,212.16,187.2,5,35.16,-64.53999999999999,,unknown
188,Tyler Shough,QB,NO,270.94,188.1,4,0.8199999999999932,-5.759999999999991,0.3725252609851023,steady
189,Tank Dell,WR,HOU,51.9,189.2,9,2.299999999999997,-94.99999999999997,,unknown
190,Dylan Sampson,RB,CLE,88.7,190.8,9,1.5,-32.55,0.9585720699934768,volatile
191,Isiah Pacheco,RB,DET,53.6,191.1,9,1.1000000000000014,-67.65,0.5799869591009315,steady
192,Chig Okonkwo,TE,WAS,144.1,191.5,5,1.6999999999999886,43.849999999999994,0.5423244891608077,steady
193,Eddy Pineiro,K,SF,101.0,193.4,3,1.0,1.5,0.5496629565770915,neutral
194,Omar Cooper,WR,NYJ,127.1,194.4,9,1.1999999999999886,-19.799999999999983,,unknown
195,Kaelon Black,RB,SF,42.3,195.8,9,3.5999999999999943,-78.95,,unknown
196,Trey Smack,K,GB,70.0,196.7,5,4.0,-29.5,,unknown
197,Caleb Douglas,WR,MIA,94.8,197.4,9,0.29999999999999716,-52.09999999999998,,unknown
198,Kayshon Boutte,WR,HOU,125.2,198.0,9,4.0,-21.699999999999974,0.7541530461361421,volatile
199,Cooper Kupp,WR,SEA,86.4,199.3,9,0.6000000000000085,-60.49999999999997,0.5425025202254735,steady
200,Keenan Allen,WR,IND,106.8,200.8,9,1.0999999999999943,-40.09999999999998,0.6332793675388777,neutral
201,Dallas Cowboys,DEF,DAL,86.0,201.3,3,0.0,2.0,1.1835359762148665,volatile
202,Tre Tucker,WR,LV,125.9,202.7,9,0.7000000000000028,-20.99999999999997,0.8783794000830201,volatile
203,Daniel Jones,QB,IND,223.54,203.1,5,1.0600000000000023,-53.16,0.3713901884267366,steady
204,Braelon Allen,RB,NYJ,52.2,203.9,9,6.300000000000004,-69.05,0.8999377394241651,volatile
205,Green Bay Packers,DEF,GB,86.0,205.0,3,0.0,2.0,0.9716397105275828,volatile
206,C.J. Stroud,QB,HOU,247.82,206.6,5,12.23999999999998,-28.879999999999995,0.4107277957792868,steady
207,Terrance Ferguson,TE,LAR,100.3,207.7,7,0.09999999999999432,0.04999999999999716,0.6245725817488089,neutral
208,Emmett Johnson,RB,KC,65.2,208.1,9,0.10000000000000853,-56.05,,unknown
209,Jalen McMillan,WR,TB,127.4,209.1,9,0.30000000000001137,-19.49999999999997,0.9953378044270048,volatile
210,Malik Willis,QB,MIA,270.12,209.7,4,7.3799999999999955,-6.579999999999984,1.056692336567399,volatile
211,Zachariah Branch,WR,ATL,78.5,211.4,9,0.5999999999999943,-68.39999999999998,,unknown
212,Devin Neal,RB,FA,31.9,211.9,9,1.1999999999999993,-89.35,0.7903519785513288,neutral
213,Nicholas Singleton,RB,TEN,63.7,212.6,9,0.7000000000000028,-57.55,,unknown
214,Jauan Jennings,WR,MIN,105.7,213.2,9,0.5,-41.199999999999974,0.4942404508493807,steady
215,Jaylin Noel,WR,HOU,85.2,213.7,9,4.799999999999997,-61.699999999999974,0.9514174626645528,volatile
216,San Francisco 49ers,DEF,SF,84.0,215.5,3,1.0,0.0,0.8019018100030575,neutral
217,Kaleb Johnson,RB,GB,32.0,215.7,9,0.10000000000000142,-89.25,1.032917805016058,volatile
218,Buffalo Bills,DEF,BUF,84.0,217.3,3,0.0,0.0,0.6735790696441156,steady
219,Malachi Fields,WR,NYG,105.2,218.6,9,0.29999999999999716,-41.699999999999974,,unknown
220,Indianapolis Colts,DEF,IND,84.0,219.0,3,0.0,0.0,0.744369644599008,steady
221,Jake Elliott,K,PHI,90.0,219.1,4,1.0,-9.5,0.6270200551177693,volatile
222,Marvin Mims,WR,DEN,69.9,219.5,9,2.4000000000000057,-76.99999999999997,0.9061219204613676,volatile
223,Najee Harris,RB,NYG,26.3,220.9,9,0.0,-94.95,0.6650793628271002,neutral
224,Chase McLaughlin,K,TB,105.0,221.2,2,1.0,5.5,0.6177550674529609,volatile
225,Chicago Bears,DEF,CHI,85.0,221.5,3,1.0,1.0,0.7144527334494097,steady
226,Kyle Williams,WR,NE,31.2,222.1,9,0.1999999999999993,-115.69999999999997,0.9992979763654654,volatile
227,Ray Davis,RB,BUF,65.1,223.6,9,1.1999999999999957,-56.150000000000006,1.3767913827911806,volatile
228,David Njoku,TE,LAC,58.0,224.1,9,0.0,-42.25,0.6430563801185778,neutral
229,J.J. McCarthy,QB,MIN,13.62,224.2,9,0.5,-263.08,0.5890404303878001,neutral
230,Mason Taylor,TE,NYJ,96.4,224.3,7,11.300000000000011,-3.8499999999999943,0.7601831899533013,volatile
231,Kendre Miller,RB,NO,5.6,224.8,9,0.0,-115.65,0.8226766783112045,neutral
232,Kansas City Chiefs,DEF,KC,87.0,225.1,3,1.0,3.0,0.7169912131893148,steady
233,Bryce Young,QB,CAR,235.58,226.3,5,7.740000000000009,-41.119999999999976,0.5181362721036687,neutral
234,Brashard Smith,RB,KC,26.3,226.3,9,0.8000000000000007,-94.95,0.9508753893497146,volatile
235,Tyreek Hill,WR,FA,93.7,226.9,9,1.7000000000000028,-53.199999999999974,0.2995245696572155,steady
236,Pat Bryant,WR,DEN,96.4,227.2,9,1.6000000000000085,-50.49999999999997,0.5241981848730701,steady
237,Isaac TeSlaa,WR,DET,87.1,227.4,9,0.6999999999999886,-59.79999999999998,0.5624604533896328,neutral
238,Cairo Santos,K,CHI,100.0,227.6,3,0.0,0.5,0.4706102223810074,steady
239,Michael Penix,QB,ATL,143.16,227.9,6,41.099999999999994,-133.54,0.5173356785946875,neutral
240,Atlanta Falcons,DEF,ATL,83.0,228.4,4,2.0,-1.0,0.7826840306632367,neutral
241,Jaydon Blue,RB,PHI,56.6,228.6,9,0.10000000000000142,-64.65,0.9996795590650578,volatile
242,Tory Horton,WR,SEA,92.0,228.7,9,0.7000000000000028,-54.89999999999998,0.5593169989758131,steady
243,Aaron Rodgers,QB,PIT,177.0,228.8,6,17.0,-99.69999999999999,0.4234364525911425,steady
244,Cam Ward,QB,TEN,227.84,229.0,5,4.300000000000011,-48.859999999999985,0.4642373840930096,neutral
245,Elijah Sarratt,WR,BAL,61.4,229.2,9,0.7999999999999972,-85.49999999999997,,unknown
246,Chimere Dike,WR,TEN,89.4,229.4,9,2.3000000000000114,-57.49999999999997,0.8902197395211583,volatile
247,Greg Dulcich,TE,MIA,110.9,229.7,7,6.0,10.650000000000006,0.5678387263124685,neutral
248,Germie Bernard,WR,PIT,98.9,229.8,9,0.6000000000000085,-47.99999999999997,,unknown
249,James Conner,RB,ARI,57.2,230.1,9,0.6000000000000014,-64.05,0.357306883154089,steady
250,Tre' Harris,WR,LAC,112.9,230.5,9,1.9000000000000057,-33.99999999999997,0.5037771377827306,steady
251,Ryan Flournoy,WR,DAL,121.2,230.7,9,1.6000000000000085,-25.699999999999974,0.7203066025045756,neutral
252,Adonai Mitchell,WR,NYJ,98.3,231.0,9,0.3999999999999915,-48.59999999999998,0.9477647044046964,volatile
253,Theo Johnson,TE,NYG,77.0,232.2,8,0.5999999999999943,-23.25,0.6054068416768763,neutral
254,Tampa Bay Buccaneers,DEF,TB,81.0,232.4,4,2.0,-3.0,1.008830149898406,volatile
255,Rashod Bateman,WR,BAL,102.3,232.7,9,1.7000000000000028,-44.59999999999998,0.8566435316364852,volatile
256,Cade Otton,TE,TB,122.3,233.1,6,11.399999999999991,22.049999999999997,0.6583698488085814,neutral
257,Gunnar Helm,TE,TEN,130.3,233.1,6,1.9000000000000057,30.05000000000001,0.6959395518956547,neutral
258,Keon Coleman,WR,BUF,85.8,234.8,9,0.5999999999999943,-61.09999999999998,0.7091068932925817,neutral
259,Antonio Williams,WR,WAS,75.2,235.8,9,1.7999999999999972,-71.69999999999997,,unknown
260,Shedeur Sanders,QB,CLE,97.12,236.1,7,4.160000000000011,-179.57999999999998,0.8297438184199647,volatile
261,Tua Tagovailoa,QB,ATL,92.96,236.5,7,38.03999999999999,-183.74,0.5322726597037813,neutral
262,Audric Estime,RB,NO,22.6,237.4,9,2.200000000000003,-98.65,0.6809485603637179,neutral
263,Kimani Vidal,RB,LAC,60.0,237.8,9,0.29999999999999716,-61.25,0.8390859919773177,volatile
264,Jack Bech,WR,LV,77.9,238.2,9,0.5,-68.99999999999997,0.576194981210679,neutral
265,Carolina Panthers,DEF,CAR,81.0,238.4,4,0.0,-3.0,1.0349479010917897,volatile
266,New York Giants,DEF,NYG,86.0,238.6,3,0.0,2.0,0.8701962816878394,neutral
267,Eli Stowers,TE,PHI,81.4,238.9,8,0.6000000000000085,-18.849999999999994,,unknown
268,Kaytron Allen,RB,WAS,45.9,239.1,9,1.7999999999999972,-75.35,,unknown
269,Ted Hurst,WR,TB,97.9,239.6,9,1.5,-48.99999999999997,,unknown
270,Devaughn Vele,WR,NO,110.6,239.8,9,3.799999999999997,-36.29999999999998,0.9228023946306412,volatile
271,Pat Freiermuth,TE,PIT,128.4,239.9,6,5.800000000000011,28.150000000000006,0.8514636498475124,volatile
272,Jarquez Hunter,RB,FA,9.6,240.6,9,0.1999999999999993,-111.65,,unknown
273,Chris Bell,WR,MIA,67.2,240.9,9,1.1000000000000085,-79.69999999999997,,unknown
274,Cincinnati Bengals,DEF,CIN,79.0,241.2,4,2.0,-5.0,0.8438282622083118,neutral
275,Jake Tonges,TE,SF,70.8,241.4,9,0.09999999999999432,-29.450000000000003,0.5443386098105404,steady
276,Elic Ayomanor,WR,TEN,56.7,241.5,9,4.800000000000004,-90.19999999999997,0.5822100205651246,neutral
277,Christian Kirk,WR,SF,46.4,241.7,9,4.699999999999996,-100.49999999999997,0.9066883777409884,volatile
278,Troy Franklin,WR,DEN,66.1,241.8,9,0.09999999999999432,-80.79999999999998,0.6659450978242711,neutral
279,Ty Simpson,QB,LAR,13.62,241.8,9,0.0,-263.08,,unknown
280,Demond Claiborne,RB,MIN,24.8,242.0,9,0.40000000000000213,-96.45,,unknown
281,Malachi Corley,WR,CLE,6.8,242.0,9,0.09999999999999964,-140.09999999999997,0.7154673229871099,neutral
282,Jacoby Brissett,QB,ARI,160.0,243.0,6,16.840000000000003,-116.69999999999999,0.3514021523390414,steady
283,Sean Tucker,RB,TB,52.5,243.9,9,0.29999999999999716,-68.75,1.2547134645370437,volatile
284,New Orleans Saints,DEF,NO,77.0,244.6,5,2.0,-7.0,0.8599540724735175,neutral
285,Jaylen Wright,RB,MIA,44.1,247.9,9,1.8000000000000043,-77.15,1.030914721061448,volatile
286,Max Klare,TE,LAR,56.1,248.8,9,2.8000000000000043,-44.15,,unknown
287,Darnell Mooney,WR,NYG,73.4,249.2,9,1.9000000000000057,-73.49999999999997,0.6971591996954064,neutral
288,Michael Trigg,TE,DAL,33.8,249.7,9,0.29999999999999716,-66.45,,unknown
289,Emanuel Wilson,RB,SEA,56.5,250.3,9,0.20000000000000284,-64.75,1.1873676051400464,volatile
290,Brandon Aiyuk,WR,SF,49.6,251.4,9,0.8000000000000043,-97.29999999999998,,unknown
291,Colby Parkinson,TE,LAR,76.3,251.4,8,4.099999999999994,-23.950000000000003,0.7052137932286591,neutral
292,Calvin Ridley,WR,TEN,77.3,253.2,9,1.0,-69.59999999999998,0.8114767880334873,volatile
293,Wil Lutz,K,DEN,100.0,253.3,3,1.0,0.5,0.5270283443417867,neutral
294,Josh Reynolds,WR,FA,6.5,260.5,9,0.0,-140.39999999999998,0.2916005662300665,steady
295,Matt Gay,K,LV,75.0,263.3,5,0.0,-24.5,0.6715725958481188,volatile
296,Cleveland Browns,DEF,CLE,74.0,266.6,5,7.0,-10.0,0.9035822626356684,neutral
297,Riley Patterson,K,MIA,61.0,267.0,6,25.0,-38.5,0.4062686099645177,steady
298,Charlie Smyth,K,NO,34.0,269.0,7,0.0,-65.5,0.6308400618805604,volatile
299,Tennessee Titans,DEF,TEN,67.0,270.2,6,1.0,-17.0,1.171576968275065,volatile
300,Arizona Cardinals,DEF,ARI,66.0,273.0,6,1.0,-18.0,1.3137166466638055,volatile
301,Las Vegas Raiders,DEF,LV,65.0,279.3,6,1.0,-19.0,1.1294992275227485,volatile
302,New York Jets,DEF,NYJ,64.0,282.2,6,2.0,-20.0,1.8499063855007905,volatile
303,Nick Folk,K,ATL,95.0,285.5,3,3.0,-4.5,0.4012242958547129,steady
304,Tyler Bass,K,BUF,103.0,299.0,2,2.0,3.5,,unknown
305,Miami Dolphins,DEF,MIA,62.0,299.0,6,0.0,-22.0,0.9135425551116928,volatile
306,Jake Moody,K,BAL,34.0,333.0,7,0.0,-65.5,0.4872737367223955,neutral
307,Younghoe Koo,K,FA,18.0,339.0,8,4.0,-81.5,0.8818421967272015,volatile
308,Eric McAlister,WR,FA,30.1,340.0,9,0.20000000000000284,-116.79999999999998,,unknown
309,Andre Szmyt,K,CLE,84.0,342.0,4,9.0,-15.5,0.3719378207502017,steady
310,Ryan Fitzgerald,K,CAR,92.0,347.0,4,2.0,-7.5,0.7438354863248047,volatile
311,Cade York,K,FA,9.0,350.0,9,3.0,-90.5,,unknown
312,Chad Ryland,K,ARI,89.0,350.0,4,5.0,-10.5,0.5813246857115939,volatile
313,Chase Roberts,WR,LV,6.6,350.0,9,0.0,-140.29999999999998,,unknown
314,Joey Slye,K,TEN,84.0,351.0,4,0.0,-15.5,0.6649431973691309,volatile
315,Dominic Zvada,K,NYG,66.0,355.3,6,5.0,-33.5,,unknown
316,Ben Sauls,K,FA,31.0,369.0,7,13.0,-68.5,0.3788861141556919,steady
317,Ian Thomas,TE,LV,4.0,369.6,9,0.0,-96.25,0.6329767333205852,neutral
318,Spencer Shrader,K,IND,75.0,378.0,5,1.0,-24.5,0.5590169943749475,neutral
319,Arian Smith,WR,NYJ,7.1,400.7,9,0.2999999999999998,-139.79999999999998,0.6454972243679028,neutral
320,David Sills,WR,TB,26.9,405.0,9,0.09999999999999787,-119.99999999999997,0.7296425631898924,neutral
321,Austin Hooper,TE,ATL,33.2,430.0,9,0.20000000000000284,-67.05,0.5502415365944604,steady
322,Will Ferrin,K,FA,6.0,442.2,9,0.0,-93.5,,unknown
323,Luke Farrell,TE,SF,10.1,491.0,9,0.1999999999999993,-90.15,0.9757800755592076,volatile
324,Kylen Granson,TE,TEN,4.0,505.0,9,0.0,-96.25,1.032155197931532,volatile
325,Sterling Shepard,WR,FA,0.6,507.0,9,0.0,-146.29999999999998,0.575281100193236,neutral
326,Mo Alie-Cox,TE,IND,15.4,527.6,9,0.0,-84.85,0.8143285248867911,volatile
327,Jaren Kanak,TE,TEN,31.6,530.2,9,0.20000000000000284,-68.65,,unknown
328,Quintin Morris,TE,JAX,8.0,533.5,9,0.0,-92.25,0.6913459218607348,neutral
329,Tyler Johnson,WR,FA,6.5,537.5,9,0.09999999999999964,-140.39999999999998,0.8388591543388735,volatile
330,Josh Johnson,QB,CIN,11.34,544.0,9,0.0,-265.36,0.9110027796648827,volatile
331,Xavier Smith,WR,LAR,24.1,551.0,9,0.10000000000000142,-122.79999999999998,0.7675704020958559,volatile
332,Payne Durham,TE,TB,8.1,564.0,9,0.0,-92.15,,unknown
333,Tim Patrick,WR,NYJ,13.7,573.0,9,3.0,-133.2,1.062826588708289,volatile
334,Eric Saubert,TE,SEA,5.7,575.5,9,0.10000000000000053,-94.55,0.2194136136538013,steady
335,David Moore,WR,CAR,4.3,575.5,9,0.09999999999999964,-142.59999999999997,0.1571348402636772,steady
336,Jacob Saylors,RB,DET,25.5,578.8,9,0.1999999999999993,-95.75,,unknown
337,Jermaine Burton,WR,FA,26.0,594.0,9,0.10000000000000142,-120.89999999999998,,unknown
338,Donovan Edwards,RB,FA,2.1,610.5,9,1.3,-119.15,,unknown
339,John Michael Gyllenborg,TE,KC,40.4,611.2,9,0.29999999999999716,-59.85,,unknown
340,Ameer Abdullah,RB,JAX,4.8,612.4,9,0.0,-116.45,0.8701380969281438,volatile
341,Jackson Hawes,TE,BUF,31.9,613.5,9,0.09999999999999787,-68.35,0.6479434560784078,neutral
342,Jack Stoll,TE,FA,7.5,621.3,9,0.0,-92.75,1.142277332028469,volatile
343,Chris Manhertz,TE,NYG,2.3,625.3,9,0.0,-97.95,,unknown
344,Nate Adkins,TE,DEN,5.7,627.5,9,0.0,-94.55,0.7390786459491027,volatile
345,Drew Stevens,K,WAS,74.0,629.7,5,4.0,-25.5,,unknown
346,Marquez Valdes-Scantling,WR,FA,26.9,629.8,9,0.0,-119.99999999999997,0.6737256489105934,neutral
347,Harrison Bryant,TE,FA,4.0,631.5,9,1.7000000000000002,-96.25,0.1571348402636772,steady
348,Zamir White,RB,NO,5.1,631.7,9,0.0,-116.15,0.7378574345698496,neutral
349,Noah Brown,WR,FA,9.3,633.8,9,0.0,-137.59999999999997,0.3612154029914079,steady
350,Jaydn Ott,RB,KC,11.2,635.8,9,1.5999999999999996,-110.05,,unknown
351,Dante Pettis,WR,FA,7.3,636.7,9,0.20000000000000018,-139.59999999999997,0.6557660535262608,neutral
352,Foster Moreau,TE,HOU,9.8,638.3,9,0.20000000000000107,-90.45,0.3460265755141959,steady
353,Charlie Woerner,TE,ATL,8.0,641.5,9,0.0,-92.25,0.7394067974460169,volatile
354,Riley Nowakowski,TE,PIT,9.6,643.4,9,0.09999999999999964,-90.65,,unknown
355,Craig Reynolds,RB,WAS,4.4,646.0,9,0.10000000000000053,-116.85,,unknown
356,Noah Thomas,WR,CIN,6.6,646.8,9,0.09999999999999964,-140.29999999999998,,unknown
357,Will Dissly,TE,FA,27.0,647.0,9,1.3999999999999986,-73.25,0.5620913596018081,neutral
358,Xavier Weaver,WR,FA,7.1,647.0,9,0.0,-139.79999999999998,0.3157022205996806,steady
359,Durham Smythe,TE,BAL,9.9,647.2,9,0.09999999999999964,-90.35,0.2480694691784169,steady
360,Gage Larvadain,WR,FA,1.9,648.0,9,0.09999999999999987,-144.99999999999997,0.6358961737646586,neutral
361,Brevin Jordan,TE,HOU,6.1,651.3,9,0.1999999999999993,-94.15,,unknown
362,Tyrell Shavers,WR,BUF,4.0,651.4,9,0.10000000000000009,-142.89999999999998,0.9772515618701262,volatile
363,Desmond Reid,RB,FA,25.3,652.5,9,0.10000000000000142,-95.95,,unknown
364,Cam Akers,RB,FA,5.1,652.9,9,0.2999999999999998,-116.15,0.6657439889722927,neutral
365,Van Jefferson,WR,FA,6.8,656.9,9,0.0,-140.09999999999997,0.6761429070612446,neutral
366,Tyrod Taylor,QB,GB,12.9,658.2,9,0.040000000000000924,-263.8,0.7788455950868741,volatile
367,Nick Mullens,QB,JAX,12.04,660.0,9,0.0,-264.65999999999997,,unknown
368,Davis Allen,TE,LAR,5.9,660.7,9,0.10000000000000053,-94.35,0.6218633942298107,neutral
369,Trebor Pena,WR,JAX,6.6,662.5,9,0.0,-140.29999999999998,,unknown
370,Cody White,WR,LV,8.5,664.0,9,1.2000000000000002,-138.39999999999998,1.0152996273678687,volatile
371,Jack Velling,TE,ATL,7.3,664.6,9,1.2000000000000002,-92.95,,unknown
372,Kyle Allen,QB,BUF,12.0,665.6,9,0.0600000000000005,-264.7,,unknown
373,Dean Connors,RB,LAR,8.4,666.2,9,0.0,-112.85,,unknown
374,Max Bredeson,RB,MIN,3.8,667.3,9,1.6999999999999997,-117.45,,unknown
375,Cedric Tillman,WR,NO,6.6,667.4,9,0.0,-140.29999999999998,0.8286327426684409,volatile
376,Ben Skowronek,WR,PIT,0.6,667.7,9,1.5,-146.29999999999998,0.8570398083685422,volatile
377,Seydou Traore,TE,MIA,8.0,668.6,9,0.5,-92.25,,unknown
378,Julian Hill,TE,NE,5.6,668.8,9,0.1999999999999993,-94.65,0.6000346850883314,neutral
379,Devin Culp,TE,TB,7.3,668.9,9,0.0,-92.95,,unknown
380,Tylan Wallace,WR,CLE,4.2,669.8,9,0.0,-142.7,1.0187073014329806,volatile
381,Cameron Latu,TE,NE,4.0,673.1,9,0.0,-96.25,,unknown
382,Aaron Anderson,WR,FA,30.2,674.9,9,0.0,-116.69999999999997,,unknown
383,Xavier Restrepo,WR,TEN,4.8,675.0,9,0.09999999999999964,-142.09999999999997,0.4182885184483801,steady
384,Dareke Young,WR,LV,4.6,676.0,9,0.2999999999999998,-142.29999999999998,0.4991341984846216,steady
385,Tyler Conklin,TE,DET,1.7,676.4,9,0.0,-98.55,0.7378720828607361,volatile
386,Ricky White,WR,SEA,4.2,676.5,9,0.0,-142.7,,unknown
387,Jacardia Wright,RB,SEA,4.3,677.2,9,0.2999999999999998,-116.95,,unknown
388,Lenny Krieg,K,GB,6.0,677.5,9,0.0,-93.5,,unknown
389,Gardner Minshew,QB,ARI,27.96,677.8,8,0.7800000000000011,-248.73999999999998,4.849285610711752,volatile
390,Brandon McManus,K,FA,36.0,680.6,7,0.0,-63.5,0.4611879398785306,steady
391,Pierre Strong,RB,GB,7.5,682.0,9,0.0,-113.75,,unknown
392,Connor Heyward,TE,LV,14.7,682.0,9,0.8999999999999986,-85.55,1.1058800671866242,volatile
393,Adam Trautman,TE,DEN,27.8,682.8,9,0.0,-72.45,0.6590981238903896,neutral
394,Joe Royer,TE,CLE,57.8,683.0,9,1.6999999999999957,-42.45,,unknown
395,Tyler Goodson,RB,ATL,4.8,683.8,9,0.09999999999999964,-116.45,0.7448872411126308,neutral
396,Kenny McIntosh,RB,FA,5.2,684.4,9,0.10000000000000053,-116.05,,unknown
397,Lance Mason,TE,FA,31.6,685.2,9,0.0,-68.65,,unknown
398,Skyy Moore,WR,GB,3.0,685.4,9,0.5,-143.89999999999998,0.5565752349938188,steady
399,Jimmy Garoppolo,QB,FA,12.32,685.4,9,0.09999999999999964,-264.38,,unknown
400,Grant Calcaterra,TE,PHI,25.6,685.8,9,0.7000000000000028,-74.65,0.9769680376471768,volatile
401,Michael Carter,RB,TEN,8.1,686.5,9,0.5,-113.15,0.6415298551473684,neutral
402,Matt Prater,K,FA,14.0,687.8,8,0.0,-85.5,0.5389380266520856,neutral
403,Robert Tonyan,TE,PIT,1.9,687.9,9,0.0,-98.35,,unknown
404,Curtis Samuel,WR,FA,5.3,688.8,9,0.39999999999999947,-141.59999999999997,0.8731512056965014,volatile
405,Kalel Mullings,RB,TEN,5.6,690.0,9,0.39999999999999947,-115.65,0.2020305089104422,steady
406,Brock Wright,TE,DET,27.3,690.8,9,0.3000000000000007,-72.95,0.6008028654856794,neutral
407,Graham Gano,K,FA,14.0,691.0,9,0.0,-85.5,0.5061943174124038,neutral
408,Jalen Brooks,WR,ARI,6.5,691.3,9,0.0,-140.39999999999998,0.9969046423285752,volatile
409,Joshua Dobbs,QB,DET,12.4,692.3,9,0.0,-264.3,1.138775781120859,volatile
410,Elijah Mitchell,RB,FA,9.3,692.5,9,0.0,-111.95,,unknown
411,Tai Felton,WR,MIN,29.2,692.7,9,0.3999999999999986,-117.69999999999997,0.1135454181526981,steady
412,Zavier Scott,RB,CHI,5.6,693.0,9,0.0,-115.65,1.109792835137313,volatile
413,Allen Lazard,WR,FA,6.4,694.8,9,1.1000000000000005,-140.49999999999997,0.935858113058533,volatile
414,Miles Kitselman,TE,FA,31.6,694.9,9,0.0,-68.65,,unknown
415,Bo Melton,WR,GB,9.8,695.0,9,0.5,-137.09999999999997,1.0057277396588205,volatile
416,Eric Rivers,WR,TB,29.4,695.3,9,0.1999999999999993,-117.49999999999997,,unknown
417,Josh Whyle,TE,GB,13.8,695.5,9,3.700000000000001,-86.45,0.8600596321411709,volatile
418,Josh Cuevas,TE,BAL,27.8,697.1,9,0.3000000000000007,-72.45,,unknown
419,Michael Badgley,K,FA,14.0,698.0,9,5.0,-85.5,0.5892857142857143,volatile
420,Trent Sherfield,WR,BUF,3.9,699.3,9,0.6999999999999997,-142.99999999999997,0.4075413664867947,steady
421,Drew Allar,QB,PIT,22.02,699.6,9,0.6999999999999993,-254.67999999999998,,unknown
